claim_id,key,value,se,unit,status,kind,source_table,citation,last_checked
C-01,C-01.science,362.53,2.18,points,verified,pisa,I.B1.2a.1,"Source: OECD, PISA 2025 Database, Table I.B1.2a.1",2026-10-03
C-01,C-01.reading,344.4,2.39,points,verified,pisa,I.B1.2a.2,"Source: OECD, PISA 2025 Database, Table I.B1.2a.2",2026-10-03
C-01,C-01.maths,363.81,1.98,points,verified,pisa,I.B1.2a.3,"Source: OECD, PISA 2025 Database, Table I.B1.2a.3",2026-10-03
C-01,C-01.cps,387.83,2.31,points,verified,pisa,I.B1.2a.4,"Source: OECD, PISA 2025 Database, Table I.B1.2a.4",2026-10-03
C-03,C-03.students,6645,,count,verified,pisa,I.A2.1,"Source: OECD, PISA 2025 Database, Table I.A2.1",2026-10-03
C-03,C-03.schools,195,,count,verified,pisa,I.A2.1,"Source: OECD, PISA 2025 Database, Table I.A2.1",2026-10-03
C-03,C-03.weighted,98869.86,,count,verified,pisa,I.A2.1,"Source: OECD, PISA 2025 Database, Table I.A2.1",2026-10-03
C-03,C-03.ci3_2025,0.7407,,index,verified,pisa,I.A2.1,"Source: OECD, PISA 2025 Database, Table I.A2.1",2026-10-03
C-03,C-03.ci3_2009,0.672,,index,verified,pisa,I.A2.1,"Source: OECD, PISA 2025 Database, Table I.A2.1",2026-10-03
C-03,C-03.ci3_2006,0.6263,,index,verified,pisa,I.A2.1,"Source: OECD, PISA 2025 Database, Table I.A2.1",2026-10-03
C-04,C-04.science,76.58,,percent,verified,pisa,I.B1.2a.10,"Source: OECD, PISA 2025 Database, Table I.B1.2a.10",2026-10-03
C-04,C-04.science.se,1.22,,percent,computed,pisa,I.B1.2a.10-13 (SE computed),"calculations based on OECD, PISA 2025 Database",2026-10-03
C-04,C-04.reading,80.15,,percent,verified,pisa,I.B1.2a.11,"Source: OECD, PISA 2025 Database, Table I.B1.2a.11",2026-10-03
C-04,C-04.reading.se,1.13,,percent,computed,pisa,I.B1.2a.10-13 (SE computed),"calculations based on OECD, PISA 2025 Database",2026-10-03
C-04,C-04.maths,81.2,,percent,verified,pisa,I.B1.2a.12,"Source: OECD, PISA 2025 Database, Table I.B1.2a.12",2026-10-03
C-04,C-04.maths.se,1.08,,percent,computed,pisa,I.B1.2a.10-13 (SE computed),"calculations based on OECD, PISA 2025 Database",2026-10-03
C-04,C-04.cps,66.87,,percent,verified,pisa,I.B1.2a.13,"Source: OECD, PISA 2025 Database, Table I.B1.2a.13",2026-10-03
C-04,C-04.cps.se,1.12,,percent,computed,pisa,I.B1.2a.10-13 (SE computed),"calculations based on OECD, PISA 2025 Database",2026-10-03
C-04,C-04.all_three,70.9,,percent,verified,pisa,I.B1.2a.10-13,"Source: OECD, PISA 2025 Database, Tables I.B1.2a.10-13",2026-10-03
C-05,C-05.science,33,7.6,points,verified,pisa,I.B1.2a.36,"Source: OECD, PISA 2025 Database, Table I.B1.2a.36",2026-10-04
C-05,C-05.science.since2006,40.5,6.05,points,verified,pisa,I.B1.2a.36,"Source: OECD, PISA 2025 Database, Table I.B1.2a.36",2026-10-04
C-05,C-05.science.mean2009,329.55,2.92,points,verified,pisa,I.B1.2a.36,"Source: OECD, PISA 2025 Database, Table I.B1.2a.36",2026-10-04
C-05,C-05.reading,30.4,6.2,points,verified,pisa,I.B1.2a.37,"Source: OECD, PISA 2025 Database, Table I.B1.2a.37",2026-10-04
C-05,C-05.reading.since2006,59.7,9.61,points,verified,pisa,I.B1.2a.37,"Source: OECD, PISA 2025 Database, Table I.B1.2a.37",2026-10-04
C-05,C-05.reading.mean2009,314.02,3.19,points,verified,pisa,I.B1.2a.37,"Source: OECD, PISA 2025 Database, Table I.B1.2a.37",2026-10-04
C-05,C-05.maths,32.7,5.7,points,verified,pisa,I.B1.2a.38,"Source: OECD, PISA 2025 Database, Table I.B1.2a.38",2026-10-04
C-05,C-05.maths.since2006,53.2,5.81,points,verified,pisa,I.B1.2a.38,"Source: OECD, PISA 2025 Database, Table I.B1.2a.38",2026-10-04
C-05,C-05.maths.mean2009,331.16,2.87,points,verified,pisa,I.B1.2a.38,"Source: OECD, PISA 2025 Database, Table I.B1.2a.38",2026-10-04
C-06,C-06.var_kgz,6.13,0.98,percent,verified,pisa,I.B1.2b.2,"Source: OECD, PISA 2025 Database, Table I.B1.2b.2",2026-10-04
C-06,C-06.var_oecd,11.57,0.19,percent,verified,pisa,I.B1.2b.2,"Source: OECD, PISA 2025 Database, Table I.B1.2b.2",2026-10-04
C-06,C-06.gap_kgz,44.5,4.5,points,verified,pisa,I.B1.2b.2,"Source: OECD, PISA 2025 Database, Table I.B1.2b.2",2026-10-04
C-06,C-06.gap_oecd,84.72,0.92,points,verified,pisa,I.B1.2b.2,"Source: OECD, PISA 2025 Database, Table I.B1.2b.2",2026-10-04
C-06,C-06.science.bottom,349.16,2.33,points,verified,pisa,I.B1.2b.2,"Source: OECD, PISA 2025 Database, Table I.B1.2b.2",2026-10-04
C-06,C-06.science.top,393.67,4.24,points,verified,pisa,I.B1.2b.2,"Source: OECD, PISA 2025 Database, Table I.B1.2b.2",2026-10-04
C-06,C-06.science.gap,44.5,4.5,points,verified,pisa,I.B1.2b.2,"Source: OECD, PISA 2025 Database, Table I.B1.2b.2",2026-10-04
C-06,C-06.reading.bottom,328.33,2.59,points,verified,pisa,I.B1.2b.3,"Source: OECD, PISA 2025 Database, Table I.B1.2b.3",2026-10-04
C-06,C-06.reading.top,379.2,4.63,points,verified,pisa,I.B1.2b.3,"Source: OECD, PISA 2025 Database, Table I.B1.2b.3",2026-10-04
C-06,C-06.reading.gap,50.87,4.95,points,verified,pisa,I.B1.2b.3,"Source: OECD, PISA 2025 Database, Table I.B1.2b.3",2026-10-04
C-06,C-06.maths.bottom,350.81,2.21,points,verified,pisa,I.B1.2b.4,"Source: OECD, PISA 2025 Database, Table I.B1.2b.4",2026-10-04
C-06,C-06.maths.top,392.25,3.81,points,verified,pisa,I.B1.2b.4,"Source: OECD, PISA 2025 Database, Table I.B1.2b.4",2026-10-04
C-06,C-06.maths.gap,41.44,4.02,points,verified,pisa,I.B1.2b.4,"Source: OECD, PISA 2025 Database, Table I.B1.2b.4",2026-10-04
C-06,C-06.cps.bottom,369.79,2.99,points,verified,pisa,I.B1.2b.5,"Source: OECD, PISA 2025 Database, Table I.B1.2b.5",2026-10-04
C-06,C-06.cps.top,419.49,4.35,points,verified,pisa,I.B1.2b.5,"Source: OECD, PISA 2025 Database, Table I.B1.2b.5",2026-10-04
C-06,C-06.cps.gap,49.7,4.94,points,verified,pisa,I.B1.2b.5,"Source: OECD, PISA 2025 Database, Table I.B1.2b.5",2026-10-04
C-07,C-07.science.girls,369.18,2.66,points,verified,pisa,I.B1.2c.1,"Source: OECD, PISA 2025 Database, Table I.B1.2c.1",2026-10-04
C-07,C-07.science.boys,355.85,2.37,points,verified,pisa,I.B1.2c.1,"Source: OECD, PISA 2025 Database, Table I.B1.2c.1",2026-10-04
C-07,C-07.reading.girls,357.75,2.86,points,verified,pisa,I.B1.2c.2,"Source: OECD, PISA 2025 Database, Table I.B1.2c.2",2026-10-04
C-07,C-07.reading.boys,330.99,2.64,points,verified,pisa,I.B1.2c.2,"Source: OECD, PISA 2025 Database, Table I.B1.2c.2",2026-10-04
C-07,C-07.maths.girls,364.03,2.38,points,verified,pisa,I.B1.2c.3,"Source: OECD, PISA 2025 Database, Table I.B1.2c.3",2026-10-04
C-07,C-07.maths.boys,363.58,2.13,points,verified,pisa,I.B1.2c.3,"Source: OECD, PISA 2025 Database, Table I.B1.2c.3",2026-10-04
C-09,C-09.city,396.3,4.2,points,computed,pisa,PISA 2025 student data file,"calculations based on OECD, PISA 2025 Database",2026-10-04
C-09,C-09.rural,341,2,points,computed,pisa,PISA 2025 student data file,"calculations based on OECD, PISA 2025 Database",2026-10-04
C-09,C-09.gap,55.3,4.6,points,computed,pisa,PISA 2025 student data file,"calculations based on OECD, PISA 2025 Database",2026-10-04
C-09,C-09.rus_share_city,64.6,,percent,computed,pisa,PISA 2025 student data file,"calculations based on OECD, PISA 2025 Database",2026-10-04
C-09,C-09.rus_share_rural,10.7,,percent,computed,pisa,PISA 2025 student data file,"calculations based on OECD, PISA 2025 Database",2026-10-04
C-09,C-09.missing.students,110,,count,computed,pisa,PISA 2025 student data file,"calculations based on OECD, PISA 2025 Database",2026-10-04
C-09,C-09.missing.schools,3,,count,computed,pisa,PISA 2025 student data file,"calculations based on OECD, PISA 2025 Database",2026-10-04
C-40,C-40.rural_gap,43.6,8,points,computed,pisa,PISA 2025 student data file,"calculations based on OECD, PISA 2025 Database",2026-10-04
C-40,C-40.town_gap,27.7,8.6,points,computed,pisa,PISA 2025 student data file,"calculations based on OECD, PISA 2025 Database",2026-10-04
C-40,C-40.students,794,,count,computed,pisa,PISA 2025 student data file,"calculations based on OECD, PISA 2025 Database",2026-10-04
C-40,C-40.schools,20,,count,computed,pisa,PISA 2025 student data file,"calculations based on OECD, PISA 2025 Database",2026-10-04
C-10,C-10.raw,59.98,4.21,points,computed,pisa,PISA 2025 student data file,"calculations based on OECD, PISA 2025 Database",2026-10-04
C-10,C-10.controlled,45.2,4.7,points,computed,pisa,PISA 2025 student data file,"calculations based on OECD, PISA 2025 Database",2026-10-04
C-10,C-10.within_school,46.3,3.2,points,computed,pisa,PISA 2025 student data file,"calculations based on OECD, PISA 2025 Database",2026-10-04
C-10,C-10.rural,21.7,7.7,points,computed,pisa,PISA 2025 student data file,"calculations based on OECD, PISA 2025 Database",2026-10-04
C-10,C-10.science.russian,401.6,3.61,points,computed,pisa,PISA 2025 student data file,"calculations based on OECD, PISA 2025 Database",2026-10-04
C-10,C-10.science.kyrgyz,341.62,2.26,points,computed,pisa,PISA 2025 student data file,"calculations based on OECD, PISA 2025 Database",2026-10-04
C-10,C-10.science.gap,59.98,4.21,points,computed,pisa,PISA 2025 student data file,"calculations based on OECD, PISA 2025 Database",2026-10-04
C-10,C-10.reading.russian,387.04,3.96,points,computed,pisa,PISA 2025 student data file,"calculations based on OECD, PISA 2025 Database",2026-10-04
C-10,C-10.reading.kyrgyz,322.19,2.32,points,computed,pisa,PISA 2025 student data file,"calculations based on OECD, PISA 2025 Database",2026-10-04
C-10,C-10.reading.gap,64.85,4.55,points,computed,pisa,PISA 2025 student data file,"calculations based on OECD, PISA 2025 Database",2026-10-04
C-10,C-10.maths.russian,393.64,3.25,points,computed,pisa,PISA 2025 student data file,"calculations based on OECD, PISA 2025 Database",2026-10-04
C-10,C-10.maths.kyrgyz,347.8,2.23,points,computed,pisa,PISA 2025 student data file,"calculations based on OECD, PISA 2025 Database",2026-10-04
C-10,C-10.maths.gap,45.84,3.86,points,computed,pisa,PISA 2025 student data file,"calculations based on OECD, PISA 2025 Database",2026-10-04
C-10,C-10.cps.russian,430.04,3.85,points,computed,pisa,PISA 2025 student data file,"calculations based on OECD, PISA 2025 Database",2026-10-04
C-10,C-10.cps.kyrgyz,365.37,2.43,points,computed,pisa,PISA 2025 student data file,"calculations based on OECD, PISA 2025 Database",2026-10-04
C-10,C-10.cps.gap,64.66,4.33,points,computed,pisa,PISA 2025 student data file,"calculations based on OECD, PISA 2025 Database",2026-10-04
C-10,C-10.rural.n_students,300,,count,computed,pisa,PISA 2025 student data file,"calculations based on OECD, PISA 2025 Database",2026-10-04
C-10,C-10.rural.n_schools,14,,count,computed,pisa,PISA 2025 student data file,"calculations based on OECD, PISA 2025 Database",2026-10-04
C-16,C-16.nsba2017.reading,59.8,,percent,verified,nonpisa,PAD3551 Box 1 (non-PISA),"World Bank, PAD3551, Box 1 (NOT PISA)",2026-10-03
C-16,C-16.nsba2017.maths,60.3,,percent,verified,nonpisa,PAD3551 Box 1 (non-PISA),"World Bank, PAD3551, Box 1 (NOT PISA)",2026-10-03
C-16,C-16.nsba2014.bishkek,43,,percent,verified,nonpisa,PAD3551 Box 1 (non-PISA),"World Bank, PAD3551, Box 1 (NOT PISA)",2026-10-03
C-16,C-16.nsba2014.towns,60,,percent,verified,nonpisa,PAD3551 Box 1 (non-PISA),"World Bank, PAD3551, Box 1 (NOT PISA)",2026-10-03
C-16,C-16.nsba2014.rural,70,,percent,verified,nonpisa,PAD3551 Box 1 (non-PISA),"World Bank, PAD3551, Box 1 (NOT PISA)",2026-10-03
C-19,C-19.kgz,27.42,1.44,percent,verified,pisa,I.B1.2a.19,"Source: OECD, PISA 2025 Database, Table I.B1.2a.19",2026-10-03
C-19,C-19.oecd,42.72,0.24,percent,verified,pisa,I.B1.2a.19,"Source: OECD, PISA 2025 Database, Table I.B1.2a.19",2026-10-03
C-19,C-19.n_systems,11,,count,verified,pisa,I.B1.2a.19,"Source: OECD, PISA 2025 Database, Table I.B1.2a.19",2026-10-03
C-19,C-19.threshold,30,,percent,verified,pisa,I.B1.2a.19,"Source: OECD, PISA 2025 Database, Table I.B1.2a.19",2026-10-03
C-27,C-27.kaz.science,419.55,1.59,points,verified,pisa,I.B1.2a.1,"Source: OECD, PISA 2025 Database, Table I.B1.2a.1",2026-10-04
C-28,C-28.kaz.science,47.9,,percent,verified,pisa,I.B1.2a.10,"Source: OECD, PISA 2025 Database, Table I.B1.2a.10",2026-10-04
C-28,C-28.kaz.science.se,0.92,,percent,computed,pisa,I.B1.2a.10-13 (SE computed),"calculations based on OECD, PISA 2025 Database",2026-10-04
C-27,C-27.kaz.reading,384.8,1.52,points,verified,pisa,I.B1.2a.2,"Source: OECD, PISA 2025 Database, Table I.B1.2a.2",2026-10-04
C-28,C-28.kaz.reading,64.01,,percent,verified,pisa,I.B1.2a.11,"Source: OECD, PISA 2025 Database, Table I.B1.2a.11",2026-10-04
C-28,C-28.kaz.reading.se,0.86,,percent,computed,pisa,I.B1.2a.10-13 (SE computed),"calculations based on OECD, PISA 2025 Database",2026-10-04
C-27,C-27.kaz.maths,413.71,1.75,points,verified,pisa,I.B1.2a.3,"Source: OECD, PISA 2025 Database, Table I.B1.2a.3",2026-10-04
C-28,C-28.kaz.maths,55.74,,percent,verified,pisa,I.B1.2a.12,"Source: OECD, PISA 2025 Database, Table I.B1.2a.12",2026-10-04
C-28,C-28.kaz.maths.se,0.94,,percent,computed,pisa,I.B1.2a.10-13 (SE computed),"calculations based on OECD, PISA 2025 Database",2026-10-04
C-27,C-27.kaz.cps,448.85,1.4,points,verified,pisa,I.B1.2a.4,"Source: OECD, PISA 2025 Database, Table I.B1.2a.4",2026-10-04
C-28,C-28.kaz.cps,39.61,,percent,verified,pisa,I.B1.2a.13,"Source: OECD, PISA 2025 Database, Table I.B1.2a.13",2026-10-04
C-28,C-28.kaz.cps.se,0.7,,percent,computed,pisa,I.B1.2a.10-13 (SE computed),"calculations based on OECD, PISA 2025 Database",2026-10-04
C-27,C-27.uzb.science,437.6,2.73,points,verified,pisa,I.B1.2a.1,"Source: OECD, PISA 2025 Database, Table I.B1.2a.1",2026-10-04
C-28,C-28.uzb.science,35.05,,percent,verified,pisa,I.B1.2a.10,"Source: OECD, PISA 2025 Database, Table I.B1.2a.10",2026-10-04
C-28,C-28.uzb.science.se,1.39,,percent,computed,pisa,I.B1.2a.10-13 (SE computed),"calculations based on OECD, PISA 2025 Database",2026-10-04
C-27,C-27.uzb.cps,402.37,1.85,points,verified,pisa,I.B1.2a.4,"Source: OECD, PISA 2025 Database, Table I.B1.2a.4",2026-10-04
C-28,C-28.uzb.cps,62.36,,percent,verified,pisa,I.B1.2a.13,"Source: OECD, PISA 2025 Database, Table I.B1.2a.13",2026-10-04
C-28,C-28.uzb.cps.se,1.06,,percent,computed,pisa,I.B1.2a.10-13 (SE computed),"calculations based on OECD, PISA 2025 Database",2026-10-04
C-27,C-27.aze.science,408.56,3.2,points,verified,pisa,I.B1.2a.1,"Source: OECD, PISA 2025 Database, Table I.B1.2a.1",2026-10-04
C-28,C-28.aze.science,52.3,,percent,verified,pisa,I.B1.2a.10,"Source: OECD, PISA 2025 Database, Table I.B1.2a.10",2026-10-04
C-28,C-28.aze.science.se,1.48,,percent,computed,pisa,I.B1.2a.10-13 (SE computed),"calculations based on OECD, PISA 2025 Database",2026-10-04
C-27,C-27.aze.reading,373.57,2.84,points,verified,pisa,I.B1.2a.2,"Source: OECD, PISA 2025 Database, Table I.B1.2a.2",2026-10-04
C-28,C-28.aze.reading,65.35,,percent,verified,pisa,I.B1.2a.11,"Source: OECD, PISA 2025 Database, Table I.B1.2a.11",2026-10-04
C-28,C-28.aze.reading.se,1.38,,percent,computed,pisa,I.B1.2a.10-13 (SE computed),"calculations based on OECD, PISA 2025 Database",2026-10-04
C-27,C-27.aze.maths,422.4,3.98,points,verified,pisa,I.B1.2a.3,"Source: OECD, PISA 2025 Database, Table I.B1.2a.3",2026-10-04
C-28,C-28.aze.maths,51.58,,percent,verified,pisa,I.B1.2a.12,"Source: OECD, PISA 2025 Database, Table I.B1.2a.12",2026-10-04
C-28,C-28.aze.maths.se,1.57,,percent,computed,pisa,I.B1.2a.10-13 (SE computed),"calculations based on OECD, PISA 2025 Database",2026-10-04
C-27,C-27.aze.cps,387.83,3.5,points,verified,pisa,I.B1.2a.4,"Source: OECD, PISA 2025 Database, Table I.B1.2a.4",2026-10-04
C-28,C-28.aze.cps,61.7,,percent,verified,pisa,I.B1.2a.13,"Source: OECD, PISA 2025 Database, Table I.B1.2a.13",2026-10-04
C-28,C-28.aze.cps.se,1.28,,percent,computed,pisa,I.B1.2a.10-13 (SE computed),"calculations based on OECD, PISA 2025 Database",2026-10-04
C-27,C-27.mng.science,424.03,2.13,points,verified,pisa,I.B1.2a.1,"Source: OECD, PISA 2025 Database, Table I.B1.2a.1",2026-10-04
C-28,C-28.mng.science,43.1,,percent,verified,pisa,I.B1.2a.10,"Source: OECD, PISA 2025 Database, Table I.B1.2a.10",2026-10-04
C-28,C-28.mng.science.se,1.19,,percent,computed,pisa,I.B1.2a.10-13 (SE computed),"calculations based on OECD, PISA 2025 Database",2026-10-04
C-27,C-27.mng.reading,374.25,1.75,points,verified,pisa,I.B1.2a.2,"Source: OECD, PISA 2025 Database, Table I.B1.2a.2",2026-10-04
C-28,C-28.mng.reading,66.73,,percent,verified,pisa,I.B1.2a.11,"Source: OECD, PISA 2025 Database, Table I.B1.2a.11",2026-10-04
C-28,C-28.mng.reading.se,1.01,,percent,computed,pisa,I.B1.2a.10-13 (SE computed),"calculations based on OECD, PISA 2025 Database",2026-10-04
C-27,C-27.mng.maths,418.64,2.29,points,verified,pisa,I.B1.2a.3,"Source: OECD, PISA 2025 Database, Table I.B1.2a.3",2026-10-04
C-28,C-28.mng.maths,51.54,,percent,verified,pisa,I.B1.2a.12,"Source: OECD, PISA 2025 Database, Table I.B1.2a.12",2026-10-04
C-28,C-28.mng.maths.se,1.24,,percent,computed,pisa,I.B1.2a.10-13 (SE computed),"calculations based on OECD, PISA 2025 Database",2026-10-04
C-27,C-27.mng.cps,443,2.07,points,verified,pisa,I.B1.2a.4,"Source: OECD, PISA 2025 Database, Table I.B1.2a.4",2026-10-04
C-28,C-28.mng.cps,41.15,,percent,verified,pisa,I.B1.2a.13,"Source: OECD, PISA 2025 Database, Table I.B1.2a.13",2026-10-04
C-28,C-28.mng.cps.se,1.07,,percent,computed,pisa,I.B1.2a.10-13 (SE computed),"calculations based on OECD, PISA 2025 Database",2026-10-04
C-27,C-27.geo.science,422.12,2.65,points,verified,pisa,I.B1.2a.1,"Source: OECD, PISA 2025 Database, Table I.B1.2a.1",2026-10-04
C-28,C-28.geo.science,45,,percent,verified,pisa,I.B1.2a.10,"Source: OECD, PISA 2025 Database, Table I.B1.2a.10",2026-10-04
C-28,C-28.geo.science.se,1.25,,percent,computed,pisa,I.B1.2a.10-13 (SE computed),"calculations based on OECD, PISA 2025 Database",2026-10-04
C-27,C-27.geo.reading,384.18,2.48,points,verified,pisa,I.B1.2a.2,"Source: OECD, PISA 2025 Database, Table I.B1.2a.2",2026-10-04
C-28,C-28.geo.reading,60.96,,percent,verified,pisa,I.B1.2a.11,"Source: OECD, PISA 2025 Database, Table I.B1.2a.11",2026-10-04
C-28,C-28.geo.reading.se,1.24,,percent,computed,pisa,I.B1.2a.10-13 (SE computed),"calculations based on OECD, PISA 2025 Database",2026-10-04
C-27,C-27.geo.maths,416.36,2.94,points,verified,pisa,I.B1.2a.3,"Source: OECD, PISA 2025 Database, Table I.B1.2a.3",2026-10-04
C-28,C-28.geo.maths,52.61,,percent,verified,pisa,I.B1.2a.12,"Source: OECD, PISA 2025 Database, Table I.B1.2a.12",2026-10-04
C-28,C-28.geo.maths.se,1.33,,percent,computed,pisa,I.B1.2a.10-13 (SE computed),"calculations based on OECD, PISA 2025 Database",2026-10-04
C-27,C-27.geo.cps,413.34,2.79,points,verified,pisa,I.B1.2a.4,"Source: OECD, PISA 2025 Database, Table I.B1.2a.4",2026-10-04
C-28,C-28.geo.cps,54.34,,percent,verified,pisa,I.B1.2a.13,"Source: OECD, PISA 2025 Database, Table I.B1.2a.13",2026-10-04
C-28,C-28.geo.cps.se,1.07,,percent,computed,pisa,I.B1.2a.10-13 (SE computed),"calculations based on OECD, PISA 2025 Database",2026-10-04
C-27,C-27.arm.science,368.63,1.78,points,verified,pisa,I.B1.2a.1,"Source: OECD, PISA 2025 Database, Table I.B1.2a.1",2026-10-04
C-28,C-28.arm.science,71.52,,percent,verified,pisa,I.B1.2a.10,"Source: OECD, PISA 2025 Database, Table I.B1.2a.10",2026-10-04
C-28,C-28.arm.science.se,0.97,,percent,computed,pisa,I.B1.2a.10-13 (SE computed),"calculations based on OECD, PISA 2025 Database",2026-10-04
C-27,C-27.arm.reading,348.29,1.5,points,verified,pisa,I.B1.2a.2,"Source: OECD, PISA 2025 Database, Table I.B1.2a.2",2026-10-04
C-28,C-28.arm.reading,81.01,,percent,verified,pisa,I.B1.2a.11,"Source: OECD, PISA 2025 Database, Table I.B1.2a.11",2026-10-04
C-28,C-28.arm.reading.se,0.77,,percent,computed,pisa,I.B1.2a.10-13 (SE computed),"calculations based on OECD, PISA 2025 Database",2026-10-04
C-27,C-27.arm.maths,375.8,1.95,points,verified,pisa,I.B1.2a.3,"Source: OECD, PISA 2025 Database, Table I.B1.2a.3",2026-10-04
C-28,C-28.arm.maths,71.5,,percent,verified,pisa,I.B1.2a.12,"Source: OECD, PISA 2025 Database, Table I.B1.2a.12",2026-10-04
C-28,C-28.arm.maths.se,1,,percent,computed,pisa,I.B1.2a.10-13 (SE computed),"calculations based on OECD, PISA 2025 Database",2026-10-04
C-27,C-27.arm.cps,354.37,2.72,points,verified,pisa,I.B1.2a.4,"Source: OECD, PISA 2025 Database, Table I.B1.2a.4",2026-10-04
C-28,C-28.arm.cps,71.86,,percent,verified,pisa,I.B1.2a.13,"Source: OECD, PISA 2025 Database, Table I.B1.2a.13",2026-10-04
C-28,C-28.arm.cps.se,0.94,,percent,computed,pisa,I.B1.2a.10-13 (SE computed),"calculations based on OECD, PISA 2025 Database",2026-10-04
C-27,C-27.mda.science,421.95,2.84,points,verified,pisa,I.B1.2a.1,"Source: OECD, PISA 2025 Database, Table I.B1.2a.1",2026-10-04
C-28,C-28.mda.science,46.13,,percent,verified,pisa,I.B1.2a.10,"Source: OECD, PISA 2025 Database, Table I.B1.2a.10",2026-10-04
C-28,C-28.mda.science.se,1.39,,percent,computed,pisa,I.B1.2a.10-13 (SE computed),"calculations based on OECD, PISA 2025 Database",2026-10-04
C-27,C-27.mda.reading,403.7,2.9,points,verified,pisa,I.B1.2a.2,"Source: OECD, PISA 2025 Database, Table I.B1.2a.2",2026-10-04
C-28,C-28.mda.reading,51.77,,percent,verified,pisa,I.B1.2a.11,"Source: OECD, PISA 2025 Database, Table I.B1.2a.11",2026-10-04
C-28,C-28.mda.reading.se,1.46,,percent,computed,pisa,I.B1.2a.10-13 (SE computed),"calculations based on OECD, PISA 2025 Database",2026-10-04
C-27,C-27.mda.maths,410.13,2.56,points,verified,pisa,I.B1.2a.3,"Source: OECD, PISA 2025 Database, Table I.B1.2a.3",2026-10-04
C-28,C-28.mda.maths,55.78,,percent,verified,pisa,I.B1.2a.12,"Source: OECD, PISA 2025 Database, Table I.B1.2a.12",2026-10-04
C-28,C-28.mda.maths.se,1.4,,percent,computed,pisa,I.B1.2a.10-13 (SE computed),"calculations based on OECD, PISA 2025 Database",2026-10-04
C-27,C-27.mda.cps,452.27,2.43,points,verified,pisa,I.B1.2a.4,"Source: OECD, PISA 2025 Database, Table I.B1.2a.4",2026-10-04
C-28,C-28.mda.cps,38.06,,percent,verified,pisa,I.B1.2a.13,"Source: OECD, PISA 2025 Database, Table I.B1.2a.13",2026-10-04
C-28,C-28.mda.cps.se,1.16,,percent,computed,pisa,I.B1.2a.10-13 (SE computed),"calculations based on OECD, PISA 2025 Database",2026-10-04
C-27,C-27.dushanbe.science,333.76,1.42,points,verified,pisa,I.B1.2a.1,"Source: OECD, PISA 2025 Database, Table I.B1.2a.1",2026-10-04
C-28,C-28.dushanbe.science,88.15,,percent,verified,pisa,I.B1.2a.10,"Source: OECD, PISA 2025 Database, Table I.B1.2a.10",2026-10-04
C-28,C-28.dushanbe.science.se,0.74,,percent,computed,pisa,I.B1.2a.10-13 (SE computed),"calculations based on OECD, PISA 2025 Database",2026-10-04
C-27,C-27.dushanbe.reading,368.08,1.16,points,verified,pisa,I.B1.2a.2,"Source: OECD, PISA 2025 Database, Table I.B1.2a.2",2026-10-04
C-28,C-28.dushanbe.reading,81.12,,percent,verified,pisa,I.B1.2a.11,"Source: OECD, PISA 2025 Database, Table I.B1.2a.11",2026-10-04
C-28,C-28.dushanbe.reading.se,0.91,,percent,computed,pisa,I.B1.2a.10-13 (SE computed),"calculations based on OECD, PISA 2025 Database",2026-10-04
C-27,C-27.dushanbe.maths,382.14,0.98,points,verified,pisa,I.B1.2a.3,"Source: OECD, PISA 2025 Database, Table I.B1.2a.3",2026-10-04
C-28,C-28.dushanbe.maths,76.45,,percent,verified,pisa,I.B1.2a.12,"Source: OECD, PISA 2025 Database, Table I.B1.2a.12",2026-10-04
C-28,C-28.dushanbe.maths.se,0.86,,percent,computed,pisa,I.B1.2a.10-13 (SE computed),"calculations based on OECD, PISA 2025 Database",2026-10-04
C-29,C-29.science,481.91,0.44,points,verified,pisa,I.B1.2a.1,"Source: OECD, PISA 2025 Database, Table I.B1.2a.1",2026-10-04
C-29,C-29.science.below_l2,25.7,,percent,verified,pisa,I.B1.2a.10,"Source: OECD, PISA 2025 Database, Table I.B1.2a.10",2026-10-04
C-29,C-29.reading,460.94,0.45,points,verified,pisa,I.B1.2a.2,"Source: OECD, PISA 2025 Database, Table I.B1.2a.2",2026-10-04
C-29,C-29.reading.below_l2,31.04,,percent,verified,pisa,I.B1.2a.11,"Source: OECD, PISA 2025 Database, Table I.B1.2a.11",2026-10-04
C-29,C-29.maths,463.02,0.42,points,verified,pisa,I.B1.2a.3,"Source: OECD, PISA 2025 Database, Table I.B1.2a.3",2026-10-04
C-29,C-29.maths.below_l2,34.86,,percent,verified,pisa,I.B1.2a.12,"Source: OECD, PISA 2025 Database, Table I.B1.2a.12",2026-10-04
C-29,C-29.cps,500,0.4,points,verified,pisa,I.B1.2a.4,"Source: OECD, PISA 2025 Database, Table I.B1.2a.4",2026-10-04
C-29,C-29.cps.below_l2,22.67,,percent,verified,pisa,I.B1.2a.13,"Source: OECD, PISA 2025 Database, Table I.B1.2a.13",2026-10-04
C-34,C-34.science.bishkek,397,5.9,points,computed,pisa,PISA 2025 student data file,"calculations based on OECD, PISA 2025 Database",2026-10-04
C-34,C-34.science.outside,353.2,2.2,points,computed,pisa,PISA 2025 student data file,"calculations based on OECD, PISA 2025 Database",2026-10-04
C-34,C-34.science.gap,43.8,6.2,points,computed,pisa,PISA 2025 student data file,"calculations based on OECD, PISA 2025 Database",2026-10-04
C-34,C-34.reading.bishkek,383.5,6.1,points,computed,pisa,PISA 2025 student data file,"calculations based on OECD, PISA 2025 Database",2026-10-04
C-34,C-34.reading.outside,333.9,2.4,points,computed,pisa,PISA 2025 student data file,"calculations based on OECD, PISA 2025 Database",2026-10-04
C-34,C-34.reading.gap,49.6,6.6,points,computed,pisa,PISA 2025 student data file,"calculations based on OECD, PISA 2025 Database",2026-10-04
C-34,C-34.maths.bishkek,394.7,5.2,points,computed,pisa,PISA 2025 student data file,"calculations based on OECD, PISA 2025 Database",2026-10-04
C-34,C-34.maths.outside,355.5,2,points,computed,pisa,PISA 2025 student data file,"calculations based on OECD, PISA 2025 Database",2026-10-04
C-34,C-34.maths.gap,39.2,5.6,points,computed,pisa,PISA 2025 student data file,"calculations based on OECD, PISA 2025 Database",2026-10-04
C-34,C-34.cps.bishkek,431.6,6.5,points,computed,pisa,PISA 2025 student data file,"calculations based on OECD, PISA 2025 Database",2026-10-04
C-34,C-34.cps.outside,376,2.4,points,computed,pisa,PISA 2025 student data file,"calculations based on OECD, PISA 2025 Database",2026-10-04
C-34,C-34.cps.gap,55.5,7,points,computed,pisa,PISA 2025 student data file,"calculations based on OECD, PISA 2025 Database",2026-10-04
C-34,C-34.share_outside,78.8,,percent,computed,pisa,PISA 2025 student data file,"calculations based on OECD, PISA 2025 Database",2026-10-04
C-36,C-36.bishkek.students,1345,,count,computed,pisa,PISA 2025 student and school data files,"calculations based on OECD, PISA 2025 Database",2026-10-04
C-36,C-36.bishkek.schools,34,,count,computed,pisa,PISA 2025 student and school data files,"calculations based on OECD, PISA 2025 Database",2026-10-04
C-07,C-07.science.girls_ahead,13.34,2.49,points,verified,pisa,I.B1.2c.1,"Source: OECD, PISA 2025 Database, Table I.B1.2c.1",2026-10-04
C-07,C-07.reading.girls_ahead,26.76,2.65,points,verified,pisa,I.B1.2c.2,"Source: OECD, PISA 2025 Database, Table I.B1.2c.2",2026-10-04
C-41,C-41.bishkek.students,1345,,count,computed,pisa,PISA 2025 student data file,"calculations based on OECD, PISA 2025 Database",2026-10-05
C-41,C-41.bishkek.schools,34,,count,computed,pisa,PISA 2025 student data file,"calculations based on OECD, PISA 2025 Database",2026-10-05
C-43,C-43.ru.schools,9,,count,computed,pisa,PISA 2025 student data file,"calculations based on OECD, PISA 2025 Database",2026-10-05
C-43,C-43.ru.students,355,,count,computed,pisa,PISA 2025 student data file,"calculations based on OECD, PISA 2025 Database",2026-10-05
C-43,C-43.ky.schools,6,,count,computed,pisa,PISA 2025 student data file,"calculations based on OECD, PISA 2025 Database",2026-10-05
C-43,C-43.ky.students,243,,count,computed,pisa,PISA 2025 student data file,"calculations based on OECD, PISA 2025 Database",2026-10-05
C-43,C-43.mixed.schools,19,,count,computed,pisa,PISA 2025 student data file,"calculations based on OECD, PISA 2025 Database",2026-10-05
C-43,C-43.mixed.students,747,,count,computed,pisa,PISA 2025 student data file,"calculations based on OECD, PISA 2025 Database",2026-10-05
C-43,C-43.mixed.students_rus,432,,count,computed,pisa,PISA 2025 student data file,"calculations based on OECD, PISA 2025 Database",2026-10-05
C-43,C-43.mixed.students_kir,315,,count,computed,pisa,PISA 2025 student data file,"calculations based on OECD, PISA 2025 Database",2026-10-05
C-43,C-43.ru.science,443.58,8.25,points,computed,pisa,PISA 2025 student data file,"calculations based on OECD, PISA 2025 Database",2026-10-05
C-43,C-43.ru.reading,434.25,7.3,points,computed,pisa,PISA 2025 student data file,"calculations based on OECD, PISA 2025 Database",2026-10-05
C-43,C-43.ru.maths,430.74,6.64,points,computed,pisa,PISA 2025 student data file,"calculations based on OECD, PISA 2025 Database",2026-10-05
C-43,C-43.ru.cps,469.63,7.13,points,computed,pisa,PISA 2025 student data file,"calculations based on OECD, PISA 2025 Database",2026-10-05
C-43,C-43.ky.science,355.93,13.63,points,computed,pisa,PISA 2025 student data file,"calculations based on OECD, PISA 2025 Database",2026-10-05
C-43,C-43.ky.reading,333.24,14.55,points,computed,pisa,PISA 2025 student data file,"calculations based on OECD, PISA 2025 Database",2026-10-05
C-43,C-43.ky.maths,363.09,12.41,points,computed,pisa,PISA 2025 student data file,"calculations based on OECD, PISA 2025 Database",2026-10-05
C-43,C-43.ky.cps,396.74,15.45,points,computed,pisa,PISA 2025 student data file,"calculations based on OECD, PISA 2025 Database",2026-10-05
C-43,C-43.mixed.science,385.89,8.13,points,computed,pisa,PISA 2025 student data file,"calculations based on OECD, PISA 2025 Database",2026-10-05
C-43,C-43.mixed.reading,372.77,8.95,points,computed,pisa,PISA 2025 student data file,"calculations based on OECD, PISA 2025 Database",2026-10-05
C-43,C-43.mixed.maths,386.01,7.42,points,computed,pisa,PISA 2025 student data file,"calculations based on OECD, PISA 2025 Database",2026-10-05
C-43,C-43.mixed.cps,422.8,9.64,points,computed,pisa,PISA 2025 student data file,"calculations based on OECD, PISA 2025 Database",2026-10-05
C-43,C-43.science.gap,87.65,15.96,points,computed,pisa,PISA 2025 student data file,"calculations based on OECD, PISA 2025 Database",2026-10-05
C-43,C-43.reading.gap,101.01,16.25,points,computed,pisa,PISA 2025 student data file,"calculations based on OECD, PISA 2025 Database",2026-10-05
C-43,C-43.maths.gap,67.65,14.01,points,computed,pisa,PISA 2025 student data file,"calculations based on OECD, PISA 2025 Database",2026-10-05
C-43,C-43.cps.gap,72.88,17.05,points,computed,pisa,PISA 2025 student data file,"calculations based on OECD, PISA 2025 Database",2026-10-05
C-43,C-43.pair.students,598,,count,computed,pisa,PISA 2025 student data file,"calculations based on OECD, PISA 2025 Database",2026-10-05
C-43,C-43.pair.schools,15,,count,computed,pisa,PISA 2025 student data file,"calculations based on OECD, PISA 2025 Database",2026-10-05
C-44,C-44.science.adjusted,76.28,15.3,points,computed,pisa,PISA 2025 student data file,"calculations based on OECD, PISA 2025 Database",2026-10-05
C-44,C-44.reading.adjusted,88.77,14.68,points,computed,pisa,PISA 2025 student data file,"calculations based on OECD, PISA 2025 Database",2026-10-05
C-44,C-44.maths.adjusted,55.27,12.88,points,computed,pisa,PISA 2025 student data file,"calculations based on OECD, PISA 2025 Database",2026-10-05
C-44,C-44.cps.adjusted,61.11,16.14,points,computed,pisa,PISA 2025 student data file,"calculations based on OECD, PISA 2025 Database",2026-10-05
C-44,C-44.students,558,,count,computed,pisa,PISA 2025 student data file,"calculations based on OECD, PISA 2025 Database",2026-10-05
C-44,C-44.schools,15,,count,computed,pisa,PISA 2025 student data file,"calculations based on OECD, PISA 2025 Database",2026-10-05
C-44,C-44.dropped,40,,count,computed,pisa,PISA 2025 student data file,"calculations based on OECD, PISA 2025 Database",2026-10-05
C-45,C-45.arm.ci,0.8,,index,verified,pisa,I.A2.1,"Source: OECD, PISA 2025 Database, Table I.A2.1",2026-10-05
C-45,C-45.aze.ci,0.79,,index,verified,pisa,I.A2.1,"Source: OECD, PISA 2025 Database, Table I.A2.1",2026-10-05
C-45,C-45.uzb.ci,0.9,,index,verified,pisa,I.A2.1,"Source: OECD, PISA 2025 Database, Table I.A2.1",2026-10-05
C-45,C-45.dus.ci,0.92,,index,verified,pisa,I.A2.1,"Source: OECD, PISA 2025 Database, Table I.A2.1",2026-10-05
C-45,C-45.geo.ci,0.93,,index,verified,pisa,I.A2.1,"Source: OECD, PISA 2025 Database, Table I.A2.1",2026-10-05
C-45,C-45.kaz.ci,0.95,,index,verified,pisa,I.A2.1,"Source: OECD, PISA 2025 Database, Table I.A2.1",2026-10-05
C-45,C-45.mng.ci,0.95,,index,verified,pisa,I.A2.1,"Source: OECD, PISA 2025 Database, Table I.A2.1",2026-10-05
C-45,C-45.mda.ci,0.96,,index,verified,pisa,I.A2.1,"Source: OECD, PISA 2025 Database, Table I.A2.1",2026-10-05
C-45,C-45.tur.ci,0.72,,index,verified,pisa,I.A2.1,"Source: OECD, PISA 2025 Database, Table I.A2.1",2026-10-05
C-45,C-45.kgz.nc,25.9,,percent,verified,pisa,Figure I.2.11,"Source: OECD, PISA 2025 Database, Figure I.2.11",2026-10-05
C-45,C-45.arm.nc,20,,percent,verified,pisa,Figure I.2.11,"Source: OECD, PISA 2025 Database, Figure I.2.11",2026-10-05
C-45,C-45.aze.nc,20.6,,percent,verified,pisa,Figure I.2.11,"Source: OECD, PISA 2025 Database, Figure I.2.11",2026-10-05
C-45,C-45.dus.nc,8.4,,percent,verified,pisa,Figure I.2.11,"Source: OECD, PISA 2025 Database, Figure I.2.11",2026-10-05
C-45,C-45.geo.nc,6.7,,percent,verified,pisa,Figure I.2.11,"Source: OECD, PISA 2025 Database, Figure I.2.11",2026-10-05
C-45,C-45.kaz.nc,5.1,,percent,verified,pisa,Figure I.2.11,"Source: OECD, PISA 2025 Database, Figure I.2.11",2026-10-05
C-45,C-45.mng.nc,5.2,,percent,verified,pisa,Figure I.2.11,"Source: OECD, PISA 2025 Database, Figure I.2.11",2026-10-05
C-45,C-45.mda.nc,3.6,,percent,verified,pisa,Figure I.2.11,"Source: OECD, PISA 2025 Database, Figure I.2.11",2026-10-05
C-45,C-45.tur.nc,27.8,,percent,verified,pisa,Figure I.2.11,"Source: OECD, PISA 2025 Database, Figure I.2.11",2026-10-05
C-45,C-45.oecd.nc,12.4,,percent,verified,pisa,Figure I.2.11,"Source: OECD, PISA 2025 Database, Figure I.2.11",2026-10-05
C-45,C-45.range.rwa,32,,percent,verified,pisa,I.A2.1,"Source: OECD, PISA 2025 Database, Table I.A2.1",2026-10-05
C-45,C-45.range.khm,43,,percent,verified,pisa,I.A2.1,"Source: OECD, PISA 2025 Database, Table I.A2.1",2026-10-05
C-45,C-45.range.top,90,,percent,verified,pisa,I.A2.1,"Source: OECD, PISA 2025 Database, Table I.A2.1",2026-10-05
C-45,C-45.range.n,34,,count,verified,pisa,I.A2.1,"Source: OECD, PISA 2025 Database, Table I.A2.1",2026-10-05
C-45,C-45.below.n,12,,count,computed,pisa,I.A2.1 (count computed from the table),"calculations based on OECD, PISA 2025 Database",2026-10-05
C-45,C-45.below.total,91,,count,computed,pisa,I.A2.1 (count computed from the table),"calculations based on OECD, PISA 2025 Database",2026-10-05
C-51,C-51.oecd_n,38,,count,verified,pisa,I.A2.1,"Source: OECD, PISA 2025 Database, Table I.A2.1",2026-10-05
C-51,C-51.partners_n,53,,count,verified,pisa,I.A2.1,"Source: OECD, PISA 2025 Database, Table I.A2.1",2026-10-05
C-46,C-46.q1.diff,667,,points,verified,pisa,Vol I Annex C,"Source: OECD, PISA 2025 Results (Volume I), Annex C",2026-10-05
C-46,C-46.q1.kgz,3.6,1.1,percent,computed,pisa,PISA 2025 cognitive and LDW item data files,"calculations based on OECD, PISA 2025 Database",2026-10-05
C-46,C-46.q1.oecd,25.6,0.3,percent,computed,pisa,PISA 2025 cognitive and LDW item data files,"calculations based on OECD, PISA 2025 Database",2026-10-05
C-46,C-46.q1.n,524,,count,computed,pisa,PISA 2025 cognitive and LDW item data files,"calculations based on OECD, PISA 2025 Database",2026-10-05
C-46,C-46.q1.schools,170,,count,computed,pisa,PISA 2025 cognitive and LDW item data files,"calculations based on OECD, PISA 2025 Database",2026-10-05
C-46,C-46.q2.diff,605,,points,verified,pisa,Vol I Annex C,"Source: OECD, PISA 2025 Results (Volume I), Annex C",2026-10-05
C-46,C-46.q2.kgz,7.1,1.4,percent,computed,pisa,PISA 2025 cognitive and LDW item data files,"calculations based on OECD, PISA 2025 Database",2026-10-05
C-46,C-46.q2.oecd,39.2,0.3,percent,computed,pisa,PISA 2025 cognitive and LDW item data files,"calculations based on OECD, PISA 2025 Database",2026-10-05
C-46,C-46.q2.n,512,,count,computed,pisa,PISA 2025 cognitive and LDW item data files,"calculations based on OECD, PISA 2025 Database",2026-10-05
C-46,C-46.q2.schools,171,,count,computed,pisa,PISA 2025 cognitive and LDW item data files,"calculations based on OECD, PISA 2025 Database",2026-10-05
C-46,C-46.q3.diff1,559,,points,verified,pisa,Vol I Annex C,"Source: OECD, PISA 2025 Results (Volume I), Annex C",2026-10-05
C-46,C-46.q3.diff2,625,,points,verified,pisa,Vol I Annex C,"Source: OECD, PISA 2025 Results (Volume I), Annex C",2026-10-05
C-46,C-46.q3.diff3,762,,points,verified,pisa,Vol I Annex C,"Source: OECD, PISA 2025 Results (Volume I), Annex C",2026-10-05
C-46,C-46.q3.kgz_full,0.7,0.4,percent,computed,pisa,PISA 2025 cognitive and LDW item data files,"calculations based on OECD, PISA 2025 Database",2026-10-05
C-46,C-46.q3.kgz_partial,30.1,1.8,percent,computed,pisa,PISA 2025 cognitive and LDW item data files,"calculations based on OECD, PISA 2025 Database",2026-10-05
C-46,C-46.q3.oecd_full,12.1,0.2,percent,computed,pisa,PISA 2025 cognitive and LDW item data files,"calculations based on OECD, PISA 2025 Database",2026-10-05
C-46,C-46.q3.oecd_partial,32.7,0.3,percent,computed,pisa,PISA 2025 cognitive and LDW item data files,"calculations based on OECD, PISA 2025 Database",2026-10-05
C-46,C-46.q3.n,645,,count,computed,pisa,PISA 2025 cognitive and LDW item data files,"calculations based on OECD, PISA 2025 Database",2026-10-05
C-46,C-46.q3.schools,178,,count,computed,pisa,PISA 2025 cognitive and LDW item data files,"calculations based on OECD, PISA 2025 Database",2026-10-05
C-46,C-46.sel.q1,28.9,3.8,points,computed,pisa,PISA 2025 cognitive and LDW item data files,"calculations based on OECD, PISA 2025 Database",2026-10-05
C-46,C-46.sel.q3,20.4,3.7,points,computed,pisa,PISA 2025 cognitive and LDW item data files,"calculations based on OECD, PISA 2025 Database",2026-10-05
C-47,C-47.n,756,,count,computed,pisa,PISA 2025 cognitive and LDW item data files,"calculations based on OECD, PISA 2025 Database",2026-10-05
C-47,C-47.schools,183,,count,computed,pisa,PISA 2025 cognitive and LDW item data files,"calculations based on OECD, PISA 2025 Database",2026-10-05
C-47,C-47.sel,7.3,3.6,points,computed,pisa,PISA 2025 cognitive and LDW item data files,"calculations based on OECD, PISA 2025 Database",2026-10-05
C-47,C-47.show1.diff,351,,points,verified,pisa,Vol I Annex C,"Source: OECD, PISA 2025 Results (Volume I), Annex C",2026-10-05
C-47,C-47.show1.kgz,64,1.8,percent,computed,pisa,PISA 2025 cognitive and LDW item data files,"calculations based on OECD, PISA 2025 Database",2026-10-05
C-47,C-47.show1.oecd,91.7,0.2,percent,computed,pisa,PISA 2025 cognitive and LDW item data files,"calculations based on OECD, PISA 2025 Database",2026-10-05
C-47,C-47.show2.diff,405,,points,verified,pisa,Vol I Annex C,"Source: OECD, PISA 2025 Results (Volume I), Annex C",2026-10-05
C-47,C-47.show2.kgz,44.7,2,percent,computed,pisa,PISA 2025 cognitive and LDW item data files,"calculations based on OECD, PISA 2025 Database",2026-10-05
C-47,C-47.show2.oecd,82.4,0.3,percent,computed,pisa,PISA 2025 cognitive and LDW item data files,"calculations based on OECD, PISA 2025 Database",2026-10-05
C-47,C-47.learn3.diff,481,,points,verified,pisa,Vol I Annex C,"Source: OECD, PISA 2025 Results (Volume I), Annex C",2026-10-05
C-47,C-47.learn3.kgz,23.9,1.6,percent,computed,pisa,PISA 2025 cognitive and LDW item data files,"calculations based on OECD, PISA 2025 Database",2026-10-05
C-47,C-47.learn3.oecd,66.5,0.3,percent,computed,pisa,PISA 2025 cognitive and LDW item data files,"calculations based on OECD, PISA 2025 Database",2026-10-05
C-47,C-47.apply3.diff,687,,points,verified,pisa,Vol I Annex C,"Source: OECD, PISA 2025 Results (Volume I), Annex C",2026-10-05
C-47,C-47.apply3.kgz,0.7,0.3,percent,computed,pisa,PISA 2025 cognitive and LDW item data files,"calculations based on OECD, PISA 2025 Database",2026-10-05
C-47,C-47.apply3.oecd,15.4,0.2,percent,computed,pisa,PISA 2025 cognitive and LDW item data files,"calculations based on OECD, PISA 2025 Database",2026-10-05
C-49,C-49.lob.n,970,,count,computed,pisa,PISA 2025 cognitive and LDW item data files,"calculations based on OECD, PISA 2025 Database",2026-10-05
C-49,C-49.lob.schools,188,,count,computed,pisa,PISA 2025 cognitive and LDW item data files,"calculations based on OECD, PISA 2025 Database",2026-10-05
C-49,C-49.ff.n,645,,count,computed,pisa,PISA 2025 cognitive and LDW item data files,"calculations based on OECD, PISA 2025 Database",2026-10-05
C-49,C-49.ff.schools,182,,count,computed,pisa,PISA 2025 cognitive and LDW item data files,"calculations based on OECD, PISA 2025 Database",2026-10-05
C-49,C-49.lob.q1.diff,388,,points,verified,pisa,Science Released Item Descriptions,"Source: OECD, PISA 2025 Science Released Item Descriptions",2026-10-05
C-49,C-49.lob.q1.kgz,43.5,1.7,percent,computed,pisa,PISA 2025 cognitive and LDW item data files,"calculations based on OECD, PISA 2025 Database",2026-10-05
C-49,C-49.lob.q1.oecd,68.7,0.3,percent,computed,pisa,PISA 2025 cognitive and LDW item data files,"calculations based on OECD, PISA 2025 Database",2026-10-05
C-49,C-49.lob.q2.diff,454,,points,verified,pisa,Science Released Item Descriptions,"Source: OECD, PISA 2025 Science Released Item Descriptions",2026-10-05
C-49,C-49.lob.q2.kgz,26.3,1.4,percent,computed,pisa,PISA 2025 cognitive and LDW item data files,"calculations based on OECD, PISA 2025 Database",2026-10-05
C-49,C-49.lob.q2.oecd,56.7,0.3,percent,computed,pisa,PISA 2025 cognitive and LDW item data files,"calculations based on OECD, PISA 2025 Database",2026-10-05
C-49,C-49.lob.q3.diff,665,,points,verified,pisa,Science Released Item Descriptions,"Source: OECD, PISA 2025 Science Released Item Descriptions",2026-10-05
C-49,C-49.lob.q3.kgz,1.9,0.5,percent,computed,pisa,PISA 2025 cognitive and LDW item data files,"calculations based on OECD, PISA 2025 Database",2026-10-05
C-49,C-49.lob.q3.oecd,14.3,0.2,percent,computed,pisa,PISA 2025 cognitive and LDW item data files,"calculations based on OECD, PISA 2025 Database",2026-10-05
C-49,C-49.ff.q1.diff,727,,points,verified,pisa,Science Released Item Descriptions,"Source: OECD, PISA 2025 Science Released Item Descriptions",2026-10-05
C-49,C-49.ff.q1.kgz,4.4,0.7,percent,computed,pisa,PISA 2025 cognitive and LDW item data files,"calculations based on OECD, PISA 2025 Database",2026-10-05
C-49,C-49.ff.q1.oecd,11.4,0.2,percent,computed,pisa,PISA 2025 cognitive and LDW item data files,"calculations based on OECD, PISA 2025 Database",2026-10-05
C-49,C-49.ff.q2.diff,624,,points,verified,pisa,Science Released Item Descriptions,"Source: OECD, PISA 2025 Science Released Item Descriptions",2026-10-05
C-49,C-49.ff.q2.kgz,31.2,2.1,percent,computed,pisa,PISA 2025 cognitive and LDW item data files,"calculations based on OECD, PISA 2025 Database",2026-10-05
C-49,C-49.ff.q2.oecd,43.6,0.4,percent,computed,pisa,PISA 2025 cognitive and LDW item data files,"calculations based on OECD, PISA 2025 Database",2026-10-05
C-49,C-49.ff.q3.diff_partial,441,,points,verified,pisa,Science Released Item Descriptions,"Source: OECD, PISA 2025 Science Released Item Descriptions",2026-10-05
C-49,C-49.ff.q3.kgz_partial,35.7,2.1,percent,computed,pisa,PISA 2025 cognitive and LDW item data files,"calculations based on OECD, PISA 2025 Database",2026-10-05
C-49,C-49.ff.q3.oecd_partial,58.8,,percent,computed,pisa,PISA 2025 cognitive and LDW item data files,"calculations based on OECD, PISA 2025 Database",2026-10-05
C-49,C-49.ff.q3.diff_full,726,,points,verified,pisa,Science Released Item Descriptions,"Source: OECD, PISA 2025 Science Released Item Descriptions",2026-10-05
C-49,C-49.ff.q3.kgz_full,2.5,0.6,percent,computed,pisa,PISA 2025 cognitive and LDW item data files,"calculations based on OECD, PISA 2025 Database",2026-10-05
C-49,C-49.ff.q3.oecd_full,7.7,,percent,computed,pisa,PISA 2025 cognitive and LDW item data files,"calculations based on OECD, PISA 2025 Database",2026-10-05
C-49,C-49.lob.sel_below,21.8,2.5,points,computed,pisa,PISA 2025 cognitive and LDW item data files,"calculations based on OECD, PISA 2025 Database",2026-10-05
C-49,C-49.ff.sel,2.2,3.1,points,computed,pisa,PISA 2025 cognitive and LDW item data files,"calculations based on OECD, PISA 2025 Database",2026-10-05
C-50,C-50.below_1a,49.1,,percent,verified,pisa,I.B1.2a.12,"Source: OECD, PISA 2025 Database, Table I.B1.2a.12",2026-10-05
C-50,C-50.below_2,81.2,,percent,verified,pisa,I.B1.2a.12,"Source: OECD, PISA 2025 Database, Table I.B1.2a.12",2026-10-05
